,topic_name,stationary_prob
0,selection,0.0873289735028964
1,housing,0.0864971413725217
