,topic_name,stationary_prob
0,selection,0.13576492227126657
1,separation,0.11848603756506108
2,intakeprocedures,0.09693090427892213
3,violence,0.0727776539898979
4,massmurder,0.07267439103743852
5,housing,0.07067822634031638
6,forcedlabour,0.052730727292569855
7,adaptation,0.05247161941449517
8,socialrelations,0.04887185102275401
9,food,0.04690649436003322
10,tattoo,0.03826445169348021
11,aidgiving,0.037903947656551154
12,outtransfer,0.03471060972228744
