,topic_name,stationary_prob
0,housing,0.10550516596669661
1,selection,0.09916740558900429
