,topic_name,stationary_prob
0,selection,0.14473279587979537
1,separation,0.13211218999992885
2,intakeprocedures,0.09141888525808058
3,housing,0.08838285021390412
4,massmurder,0.05933323898618503
5,violence,0.056625102962876664
6,socialrelations,0.055226916817370277
7,food,0.05480397111467144
8,adaptation,0.04864260987108485
9,forcedlabour,0.04699969928664842
10,aidgiving,0.04324078006515299
11,outtransfer,0.03337915305175517
12,tattoo,0.02887109818589827
